<?xml version="1.0" encoding="UTF-8"?>
<project-private xmlns="http://www.netbeans.org/ns/project-private/1">
    <editor-bookmarks xmlns="http://www.netbeans.org/ns/editor-bookmarks/2" lastBookmarkId="0"/>
    <open-files xmlns="http://www.netbeans.org/ns/projectui-open-files/2">
        <group>
            <file>file:/D:/Fidelitas/Tercer%20cuatrimestre/Programacion%20Cliente%20servidor/Programas/Practica%20recursividad%20D/src/practica/recursividad/d/PracticaRecursividadD.java</file>
            <file>file:/D:/Fidelitas/Tercer%20cuatrimestre/Programacion%20Cliente%20servidor/Programas/Practica%20recursividad%20D/src/practica/recursividad/d/Codigo2VersionRecursivo.java</file>
            <file>file:/D:/Fidelitas/Tercer%20cuatrimestre/Programacion%20Cliente%20servidor/Programas/Practica%20recursividad%20D/src/practica/recursividad/d/Codigo1Original.java</file>
        </group>
    </open-files>
</project-private>
